q,M,beta,DUP,target_recovery,c_star,best_cost,mean_Q_over_M_at_c_star,se_Q_over_M_at_c_star,Rs_theory_at_c_star,Rr_theory_at_c_star
1000.0,1000,2.0,10,0.6,6.92,2015.83129851173,0.9987999999999999,0.0002470883072485371,0.49950608502973437,0.07218296026441248
1000.0,10000,2.0,10,0.6,6.92,2015.83129851173,0.9992150000000002,6.16761491049926e-05,0.49950608502973437,0.07218296026441248
10000.0,1000,2.0,10,0.6,9.21,20020.42272382745,0.9996999999999998,0.00010513149660756945,0.4999499829785045,0.05428338577399614
10000.0,10000,2.0,10,0.6,9.21,20020.42272382745,0.9999399999999999,1.6858544608468637e-05,0.4999499829785045,0.05428338577399614
100000.0,1000,2.0,10,0.6,11.510000000000002,200025.02611049096,1.0,0.0,0.4999949853512584,0.04344005085588691
100000.0,10000,2.0,10,0.6,11.510000000000002,200025.02611049096,0.99999,6.882472016116097e-06,0.4999949853512584,0.04344005085588691
